{
  "MEDIAN_SALE_PRICE": 437711.4301010101,
  "MEDIAN_LIST_PRICE": 453417.6774979692,
  "MEDIAN_PPSF": 221.07739562865493,
  "MEDIAN_DOM": 69.29858585858585,
  "AVG_SALE_TO_LIST": 0.981465921637495,
  "MONTHS_OF_SUPPLY": 3.8720404040404044,
  "HOMES_SOLD": 2475,
  "PENDING_SALES": 0.0,
  "NEW_LISTINGS": 3053.0,
  "INVENTORY": 9599.0,
  "MEDIAN_SALE_PRICE_YOY": 0.036734398097029934,
  "HOMES_SOLD_YOY": 0.1486459367814078,
  "INVENTORY_YOY": 0.16310885737029526,
  "MEDIAN_DOM_YOY": 14.777508090614887
}