{
  "MEDIAN_SALE_PRICE": 357566.4403292181,
  "MEDIAN_LIST_PRICE": 367252.83127572015,
  "MEDIAN_PPSF": 173.3720026202181,
  "MEDIAN_DOM": 26.35390946502058,
  "AVG_SALE_TO_LIST": 0.9794526046744856,
  "MONTHS_OF_SUPPLY": 2.801234567901235,
  "HOMES_SOLD": 243,
  "PENDING_SALES": 245.0,
  "NEW_LISTINGS": 301.0,
  "INVENTORY": 684.0,
  "MEDIAN_SALE_PRICE_YOY": 0.04124830460729957,
  "HOMES_SOLD_YOY": 0.48639133545105484,
  "INVENTORY_YOY": 0.582333707074768,
  "MEDIAN_DOM_YOY": 7.333333333333333
}